<PAMDataset>
  <PAMRasterBand band="1">
    <Histograms>
      <HistItem>
        <HistMin>-0.5</HistMin>
        <HistMax>96.5</HistMax>
        <BucketCount>97</BucketCount>
        <IncludeOutOfRange>1</IncludeOutOfRange>
        <Approximate>0</Approximate>
        <HistCounts>691761|0|10|10|21|20|17|19|19|29|49|95|109|181|294|461|455|381|280|221|192|144|133|103|97|85|78|82|75|66|72|73|66|60|36|43|42|29|32|28|43|40|38|36|25|32|17|23|20|27|22|19|13|16|23|13|18|15|13|12|12|11|12|15|14|17|21|15|12|16|13|15|15|5|15|17|19|15|18|28|23|23|22|30|12|17|21|17|12|8|8|6|6|3|3|7|4</HistCounts>
      </HistItem>
    </Histograms>
    <Metadata>
      <MDI key="STATISTICS_MINIMUM">0</MDI>
      <MDI key="STATISTICS_MAXIMUM">96</MDI>
      <MDI key="STATISTICS_MEAN">0.20591999540863</MDI>
      <MDI key="STATISTICS_STDDEV">2.9173905254032</MDI>
      <MDI key="STATISTICS_MEDIAN">0.000000</MDI>
      <MDI key="STATISTICS_COUNT">696960.000000</MDI>
      <MDI key="STATISTICS_SKIPFACTORX">1</MDI>
      <MDI key="STATISTICS_SKIPFACTORY">1</MDI>
      <MDI key="STATISTICS_EXCLUDEDVALUES"></MDI>
      <MDI key="STATISTICS_COVARIANCES">8.511167477712606</MDI>
    </Metadata>
  </PAMRasterBand>
</PAMDataset>
