<?xml version="1.0" encoding="UTF-8"?>
<metadata xml:lang="en">
   <Esri>
      <CreaDate>20230401</CreaDate>
      <CreaTime>09321400</CreaTime>
      <ArcGISFormat>1.0</ArcGISFormat>
      <ArcGISstyle>ISO 19139 Metadata Implementation Specification</ArcGISstyle>
      <SyncOnce>FALSE</SyncOnce>
      <DataProperties>
         <itemProps>
            <itemName Sync="TRUE">nlcd_tcc_CONUS_2021_v2021-4.tif</itemName>
            <itemLocation>
               <linkage Sync="TRUE">file://nlcd_tcc_CONUS_2021_v2021-4.tif</linkage>
               <protocol Sync="TRUE">Local Area Network</protocol>
            </itemLocation>
            <nativeExtBox>
               <westBL Sync="TRUE">-130.23282801589895</westBL>
               <eastBL Sync="TRUE">-73.59459648889016</eastBL>
               <southBL Sync="TRUE">22.07673063066848</southBL>
               <northBL Sync="TRUE">48.70739591304975</northBL>
               <exTypeCode Sync="TRUE">1</exTypeCode>
            </nativeExtBox>
            <imsContentType Sync="TRUE" export="False">002</imsContentType>
         </itemProps>
         <coordRef>
            PROJCS["Albers Conical Equal Area",GEOGCS["WGS 84",DATUM["WGS_1984",SPHEROID["WGS 84",6378137,298.257223563,AUTHORITY["EPSG","7030"]],AUTHORITY["EPSG","6326"]],PRIMEM["Greenwich",0],UNIT["degree",0.0174532925199433,AUTHORITY["EPSG","9122"]],AUTHORITY["EPSG","4326"]],PROJECTION["Albers_Conic_Equal_Area"],PARAMETER["latitude_of_center",23],PARAMETER["longitude_of_center",-96],PARAMETER["standard_parallel_1",29.5],PARAMETER["standard_parallel_2",45.5],PARAMETER["false_easting",0],PARAMETER["false_northing",0],UNIT["metre",1,AUTHORITY["EPSG","9001"]],AXIS["Easting",EAST],AXIS["Northing",NORTH]]
         </coordRef>
         <RasterProperties>
            <General>
              <NumberofDimensions>2</NumberofDimensions>
              <CellGeometry>Area</CellGeometry>
              <AttributeDescription Sync="TRUE"> Percent tree canopy cover</AttributeDescription>
              <ContentType>Image</ContentType>
              <BandMinValue Sync="TRUE">0.0</BandMinValue>
              <BandMaxValue Sync="TRUE">254.0</BandMaxValue>
              <BandUnits Sync="TRUE"> Percent</BandUnits>
              <BandBitsPerValue Sync="TRUE">8</BandBitsPerValue>
              <NumberDimensions Sync="TRUE">2</NumberDimensions>
              <CellGeometry>Area</CellGeometry>
              <ContentType Sync="TRUE">Image</ContentType>
              <HasColormap Sync="TRUE">TRUE</HasColormap>
              <CompressionType Sync="TRUE">DEFLATE</CompressionType>
              <NumBands Sync="TRUE">1</NumBands>
              <Format Sync="TRUE">GTiff</Format>
              <HasPyramids Sync="TRUE">TRUE</HasPyramids>
              <SourceType Sync="TRUE">discrete</SourceType>
              <PixelType Sync="TRUE">Byte</PixelType>
              <NoDataValue Sync="TRUE"> 255</NoDataValue>
            </General>
         </RasterProperties>
      </DataProperties>
      <SyncDate>20230401</SyncDate>
      <SyncTime>09321400</SyncTime>
      <ModDate>20230401</ModDate>
      <ModTime>12010700</ModTime>
      <scaleRange>
         <minScale>150000000</minScale>
         <maxScale>5000</maxScale>
      </scaleRange>
      <ArcGISProfile>FGDC</ArcGISProfile>
   </Esri>
   <mdLang>
      <languageCode value="eng" />
      <countryCode value="USA" Sync="TRUE" />
   </mdLang>
   <mdChar>
      <CharSetCd value="004" />
   </mdChar>
   <mdHrLv>
      <ScopeCd value="005" />
   </mdHrLv>
   <mdContact>
      <rpIndName></rpIndName>
      <rpOrgName>U.S. Geological Survey</rpOrgName>
      <rpPosName>Customer Services Representative</rpPosName>
      <rpCntInfo>
         <cntPhone>
            <voiceNum tddtty="">605-594-6151</voiceNum>
            <faxNum>605-594-6589</faxNum>
         </cntPhone>
         <cntAddress addressType="both">
            <delPoint>47914 252nd Street</delPoint>
            <city>Sioux Falls</city>
            <adminArea>SD</adminArea>
            <country>US</country>
            <eMailAdd>custserv@usgs.gov</eMailAdd>
            <postCode>57198-0001</postCode>
         </cntAddress>
         <cntHours>0800 - 1600 MT, M – F</cntHours>
      </rpCntInfo>
      <role>
         <RoleCd value="007" />
      </role>
   </mdContact>
   <mdDateSt Sync="TRUE">20230401</mdDateSt>
   <mdStanName>ArcGIS Metadata</mdStanName>
   <mdStanVer>1.0</mdStanVer>
   <distInfo>
      <distributor>
         <distorCont>
            <rpIndName></rpIndName>
            <rpOrgName>U.S. Geological Survey</rpOrgName>
            <rpPosName>Customer Services Representative</rpPosName>
            <rpCntInfo>
               <cntPhone>
                  <voiceNum tddtty="">605-594-6151</voiceNum>
                  <faxNum>605-594-6589</faxNum>
               </cntPhone>
               <cntAddress addressType="both">
                  <delPoint>47914 252nd Street</delPoint>
                  <city>Sioux Falls</city>
                  <adminArea>SD</adminArea>
                  <country>US</country>
                  <eMailAdd>custserv@usgs.gov</eMailAdd>
                  <postCode>57198-0001</postCode>
               </cntAddress>
               <cntHours>0800 - 1600 MT, M – F</cntHours>
            </rpCntInfo>
            <role>
               <RoleCd value="005" />
            </role>
         </distorCont>
         <distorTran>
            <onLineSrc>
               <orDesc>Downloadable data</orDesc>
               ONLINE_LINKAGES
            </onLineSrc>
         </distorTran>
      </distributor>
      <distFormat>
         <formatName Sync="TRUE">Raster Dataset</formatName>
      </distFormat>
   </distInfo>
   <dataIdInfo>
      <idCitation>
         <resTitle Sync="FALSE">NLCD CONUS 2021 Tree Canopy Cover</resTitle>
         <date>
            <pubDate>20230401</pubDate>
         </date>
         <resEd>v2021-4</resEd>
         <presForm>
            <PresFormCd value="005" />
         </presForm>
         <presForm>
            <fgdcGeoform>raster digital data</fgdcGeoform>
         </presForm>
         <datasetSeries>
            <seriesName>NLCD Tree Canopy Cover</seriesName>
            <issId>none</issId>
         </datasetSeries>
         <collTitle>NLCD Tree Canopy Cover</collTitle>
         <citRespParty>
            <rpIndName></rpIndName>
            <rpOrgName>U.S. Geological Survey</rpOrgName>
            <rpPosName>Customer Services Representative</rpPosName>
            <rpCntInfo>
               <cntPhone>
                  <voiceNum tddtty="">605-594-6151</voiceNum>
                  <faxNum>605-594-6589</faxNum>
               </cntPhone>
               <cntAddress addressType="both">
                  <delPoint>47914 252nd Street</delPoint>
                  <city>Sioux Falls</city>
                  <adminArea>SD</adminArea>
                  <country>US</country>
                  <eMailAdd>custserv@usgs.gov</eMailAdd>
                  <postCode>57198-0001</postCode>
               </cntAddress>
               <cntHours>0800 - 1600 CT, M - F (-6h VST/-5h CDT GMT)</cntHours>
            </rpCntInfo>
            <role>
               <RoleCd value="006" />
            </role>
            <displayName></displayName>
         </citRespParty>
      </idCitation>
      <idAbs>The USDA Forest Service (USFS) builds two versions of percent tree canopy cover data, in order to serve needs of multiple user communities. These datasets encompass conterminous United States (CONUS), Coastal Alaska, Hawaii, and Puerto Rico and U.S. Virgin Islands (PRUSVI). The two versions of data within the v2021-4 TCC product suite include: The initial model outputs referred to as the Science data; And a modified version built for the National Land Cover Database and referred to as NLCD data. The NLCD product suite includes data for years 2011, 2013, 2016, 2019 and 2021. The NCLD data are processed to remove small interannual changes from the annual TCC timeseries, and to mask TCC pixels that are known to be 0 percent TCC, non-tree agriculture, and water. A small interannual change is defined as a TCC change less than an increase or decrease of 10 percent compared to a TCC baseline value established in a prior year. The initial TCC baseline value is the mean of 2008-2010 TCC data. For each year following 2011, on a pixel-wise basis TCC values are updated to a new baseline value if an increase or decrease of 10 percent TCC occurs relative to the 2008-2010 TCC baseline value. If no increase or decrease greater than 10 percent TCC occurs relative to the 2008-2010 baseline, then the 2008-2010 TCC baseline value is caried through to the next year in the timeseries. Pixel values range from  0 to  100 percent. The non-processing area is represented by value 254, and the background is represented by the value 255. The Science and NLCD tree canopy cover data are accessible for multiple user communities, through multiple channels and platforms. For information on the Science data and processing steps see the Science metadata. Information on the NLCD data and processing steps are included here.  </idAbs>
      <!-- <br /><br />References: <br /><br /> Breiman, L. (2001). Random forests. Machine learning, 45, 15-32. https://doi.org/10.1023/A:1010933404324<br><br>R Core Team. (2020). R: A language and environment for statistical computing. R Foundation for Statistical Computing, Vienna, Austria. https://www.R-project.org/_ABSTRACT </idAbs> -->
      <idPurp>The goal of this project is to provide CONUS and OCONUS with complete, current and consistent public domain tree canopy cover information.</idPurp>
      <idCredit>Funding for this project was provided by the U.S. Forest Service (USFS). RedCastle Resources produced the dataset under contract to the USFS Geospatial Technology and Applications Center.</idCredit>
      <idPoC>
         <rpIndName></rpIndName>
         <rpOrgName>U.S. Geological Survey</rpOrgName>
         <rpPosName>Customer Services Representative</rpPosName>
         <rpCntInfo>
            <cntPhone>
               <voiceNum tddtty="">605-594-6151</voiceNum>
               <faxNum>605-594-6589</faxNum>
            </cntPhone>
            <cntAddress addressType="both">
               <delPoint>47914 252nd Street</delPoint>
               <city>Sioux Falls</city>
               <adminArea>SD</adminArea>
               <country>US</country>
               <eMailAdd>custserv@usgs.gov</eMailAdd>
               <postCode>57198-0001</postCode>
            </cntAddress>
            <cntHours>0800 - 1600 CT, M - F (-6h VST/-5h CDT GMT)</cntHours>
         </rpCntInfo>
         <role>
            <RoleCd value="007" />
         </role>
      </idPoC>
      <resMaint>
         <maintFreq>
            <MaintFreqCd value="009" />
         </maintFreq>
      </resMaint>
      <placeKeys>
         			<keyword>U.S.</keyword>
			<keyword>USA</keyword>
			<keyword>United States of America</keyword>
			<keyword>Lower 48</keyword>
			<keyword>Conterminous United States</keyword>
			<keyword>CONUS</keyword>
			<keyword>United States of America</keyword>
      </placeKeys>
      <themeKeys>			<keyword>Tree Density</keyword>
			<keyword>Digital Spatial Data</keyword>
			<keyword>Tree Canopy Cover</keyword>
			<keyword>Continuous</keyword>
			<keyword>Percent Tree Canopy</keyword>
			<keyword>Remote Sensing</keyword>
			<keyword>GIS</keyword>
			<keyword>Change</keyword>
			<keyword>Landsat</keyword>
			<keyword>Sentinel-2</keyword>
			<keyword>LandTrendr</keyword></themeKeys>
      <themeKeys>
         <thesaName>
            <resTitle>NGDA Portfolio Themes</resTitle>
         </thesaName>
         			<keyword>NGDA</keyword>
			<keyword>National Geospatial Data Asset</keyword>
      </themeKeys>
      <themeKeys>
         <thesaName>
            <resTitle>ISO 19115 Category</resTitle>
         </thesaName>
         			<keyword>BaseMaps</keyword>
			<keyword>EarthCover</keyword>
			<keyword>Imagery</keyword>
			<keyword>Environment</keyword>
      </themeKeys>
      <searchKeys>			<keyword>BaseMaps</keyword>
			<keyword>EarthCover</keyword>
			<keyword>Imagery</keyword>
			<keyword>Digital Spatial Data</keyword>
			<keyword>Continuous</keyword>
			<keyword>NGDA</keyword>
			<keyword>Remote Sensing</keyword>
			<keyword>National Geospatial Data Asset</keyword>
			<keyword>Percent Tree Canopy</keyword>
			<keyword>Environment</keyword>
			<keyword>GIS</keyword></searchKeys>
      <resConst>
         <LegConsts>
            <useLimit>The USDA Forest Service makes no warranty, expressed or implied, including the warranties of merchantability and fitness for a particular purpose, nor assumes any legal liability or responsibility for the accuracy, reliability, completeness or utility of these geospatial data, or for the improper or incorrect use of these geospatial data. These geospatial data and related maps or graphics are not legal documents and are not intended to be used as such. The data and maps may not be used to determine title, ownership, legal descriptions or boundaries, legal jurisdiction, or restrictions that may be in place on either public or private land. Tree Canopy Cover changes may or may not be depicted on the data and maps, and land users should exercise due caution. The data are dynamic and may change over time. The user is responsible to verify the limitations of the geospatial data and to use the data accordingly.</useLimit>
         </LegConsts>
      </resConst>
      <resConst>
         <SecConsts>
            <class>
               <ClasscationCd value="001" />
            </class>
            <classSys>none</classSys>
            <handDesc>n/a</handDesc>
         </SecConsts>
      </resConst>
      <resConst>
         <Consts>
            <useLimit>These data were collected using funding from the U.S. Government and can be used without additional permissions or fees. If you use these data in a publication, presentation, or other research product please use the following citation:<br /><br />USDA Forest Service. 2023. USFS NLCD Percent Tree Canopy CONUS v2021-4. Sioux Falls, SD.</useLimit>
         </Consts>
      </resConst>
      <dataLang>
         <languageCode value="eng" />
         <countryCode value="USA" Sync="TRUE" />
      </dataLang>
      <suppInfo>Corner Coordinates (center of pixel, meters): upper left: -2493045.0 (X), 3310005.0 (Y); lower right: 2342655.0 (X), 177285.0 (Y).</suppInfo>
      <dataChar>
         <CharSetCd value="004" />
      </dataChar>
      <envirDesc Sync="TRUE">Google Earth Engine v0.1.321; GDAL 3.4.3</envirDesc>
      <spatRpType>
         <SpatRepTypCd value="002" Sync="TRUE" />
      </spatRpType>
      <idStatus>
         <ProgCd value="001" />
      </idStatus>
      <dataExt>
         <exDesc>The Multi-Resolution Land Characteristics continental United States study area without Alaska</exDesc>
         <geoEle>
            <GeoBndBox esriExtentType="search">
               <exTypeCode>1</exTypeCode>
               <westBL>-130.23282801589895</westBL>
               <eastBL>-73.59459648889016</eastBL>
               <southBL>22.07673063066848</southBL>
               <northBL>48.70739591304975</northBL>
            </GeoBndBox>
         </geoEle>
         <tempEle>
            <TempExtent>
               <exTemp>
                  <TM_Period>
                     <tmBegin>20210601</tmBegin>
                     <tmEnd>20210901</tmEnd>
                  </TM_Period>
               </exTemp>
            </TempExtent>
         </tempEle>
      </dataExt>
      <tpCat>
         <TopicCatCd value="007" />
      </tpCat>
      <tpCat>
         <TopicCatCd value="010" />
      </tpCat>
   </dataIdInfo>
   <mdConst>
      <LegConsts>
         <accessConsts>
            <RestrictCd value="008" />
         </accessConsts>
         <othConsts>The USDA Forest Service makes no warranty, expressed or implied, including the warranties of merchantability and fitness for a particular purpose, nor assumes any legal liability or responsibility for the accuracy, reliability, completeness or utility of these geospatial data, or for the improper or incorrect use of these geospatial data. These geospatial data and related maps or graphics are not legal documents and are not intended to be used as such. The data and maps may not be used to determine title, ownership, legal descriptions or boundaries, legal jurisdiction, or restrictions that may be in place on either public or private land. Tree Canopy Cover changes may or may not be depicted on the data and maps, and land users should exercise due caution. The data are dynamic and may change over time. The user is responsible to verify the limitations of the geospatial data and to use the data accordingly.</othConsts>
      </LegConsts>
   </mdConst>
   <dqInfo>
      <dqScope>
         <scpLvl>
            <ScopeCd value="005" />
         </scpLvl>
      </dqScope>
      <dataLineage>
         <prcStep>
	<stepDesc>The USFS Forest Inventory and Analysis (FIA) program photo-interpreted percent tree canopy cover (TCC) response data. Photointerpretation (PI) measured TCC using a custom ArcGIS plug-in tool (Goeking et al., 2012) from 105-point grids placed in 90x90 squares centered on USFS FIA plot design. A total of 55,242 PI plots were used in TCC modeling.</stepDesc>
	<stepDateTm>20120101</stepDateTm>
</prcStep><prcStep>
	<stepDesc>Creation of Digital Elevation Model (DEM) derivatives. A CONUS-wide terrain dataset used a predictor layer was provided by the USGS 3D Elevation Program (U.S. Geological Survey, 2019). Slope, aspect, and the sine and cosine of aspect were calculated for each pixel following industry standards.</stepDesc>
	<stepDateTm>20220901</stepDateTm>
</prcStep><prcStep>
	<stepDesc>Creation of cropland data layer (CDL) binary mask. The annual binary agriculture data were produced by classifying all non-tree CDL crops as agriculture and everything else as non-agriculture.</stepDesc>
	<stepDateTm>20130101</stepDateTm>
</prcStep><prcStep>
	<stepDesc>Two sets of annual medoid composites were created. Set 1 does not include any Landsat 7 data occurring after 2002. Set 2 includes all available Landsat 7 data through 2015. To generate annual composites Landsat and Sentinel 2 imagery were collected from 1984-2022 from Julian day 153-273 for 1984-2015, and Julian day 182-244 for 2016-2022. Landsat 7 imagery were used from 1999-2002, and not used after 2002 due to scan line correction failure in 2003. For Landsat image collections, the CFmask cloud masking algorithm, an implementation of Fmask 2.0 was applied (Zhu and Woodcock 2012; Foga et al., 2017), and the cloudScore algorithm (Chastain et al., 2019). For Sentinel-2 data, the s2Cloudless algorithm was used to mask clouds (Zupanc, 2017). We used the Temporal Dark Outlier Mask (TDOM) method to mask cloud shadows in both Landsat and Sentinel-2 (Chastain et al., 2019). For each year, the annual geometric medoid was computed to summarize the data into a single annual composite for each of the 54 tiles that span the CONUS.</stepDesc>
	<stepDateTm>20221001</stepDateTm>
</prcStep><prcStep>
	<stepDesc>The Landsat-based detection of Trends in Disturbance and Recovery (LandTrendr) temporal segmentation algorithm was applied to the two sets of composite time series in Google Earth Engine (GEE) (Kennedy et al., 2018; Cohen et al., 2018). The resulting two sets of LandTrendr time-series fitted values were used as independent predictor variables in random forest models (Breiman 2001). Stripping artifacts were observed in preliminary modeling of TCC when LandTrendr set 2 visible bands - derived from composite set 2 data that includes all Landsat 7 data through 2015 - were included as predictor layers. To avoid stripping artifacts the visible bands from LandTrendr set 2 fitted values were not used in modeling.</stepDesc>
	<stepDateTm>20221015</stepDateTm>
</prcStep><prcStep>
	<stepDesc>Creation of the National Land Cover Database (NLCD) TCC dataset (main process). The NLCD dataset is generated from the FS Science product. The FS Science 2011 TCC dataset was created for the CONUS. For CONUS, 54 tiles were used in a 5x5 moving window where model calibration data was gathered from the moving windows and random forest models were created. The random forest models were applied applied to the center tiles. The final dataset is a mosaic of TCC values for all the moving window tiles.<br /><br />Six major steps were employed to map TCC and produce the NLCD product: 1) collection of reference data, 2) acquisition and/or creation of predictor layers, 3) calibration of random forests regression models for each mapping area using response data and predictor layers, 4) application of those models to predict per-pixel TCC across the entire mapping area, 5) a series of data quality filtering steps to generate the NCLD TCC product, and 6) exporting NLCD images from Google Earth Engine (GEE) to local computers for further post-processing that includes the creation of the CONUS-wide mosaic. The methodology is described further below, in the technical methods document (Housman et al., 2023), and in an upcoming manuscript in preparation (Heyer et al., 2023). For the NLCD product, additional post-processing steps were performed.<br /><br />Step 1: Reference data, consisting of estimated TCC at each of the 63,010 FIA plot locations, were generated via aerial image interpretation of high spatial resolution images collected and supplied by the U.S. Forest Service Forest Inventory and Analysis (FIA) program. The spatial distribution of the sample points follows the FIA systematic grid (Brand et al. 2000). Low quality FIA PI observations were removed for a total of 55,242 FIA plots used in modeling<br /><br />Step 2: Predictor layers include two sets of LandTrendr fitted images spectral derivatives. Set 1 (no Landsat 7 data after 2002) includes all optical bands and indices. Set 2 (includes all Landsat 7 data through 2015) excludes Landsat 7 visible bands to avoid stripping artifacts. Other predictor layers include a binary agriculture layer (1=agriculture, 0 = non-agriculture), elevation data, and terrain derivatives (slope, aspect, sine of aspect, cosine of aspect). The processes for creating the derived layers are described separately (see related Process Steps).<br /><br />Step 3: For each 480 km x 480 km moving window tile, a random forest model was built from 2011 response and predictor data that fell over a 5x5 tile neighborhood for that tile. For each model, the variable selection R package VSURF (Genuer et al., 2015) was used to determine the number of variables to randomly sample at tree splits (mtry). Models were generated locally using the random forest regression algorithm "sklearn.ensemble.RandomForestRegressor" from the Scikit-Learn package in python (Pedregosa et al. 2011).<br /><br />Step 4: In GEE, models were applied to each tile for CONUS, producing a 2-layered Science image. The first layer was the random forests mean predicted TCC value and the second layer was the standard error, which is the per-pixel standard error of the random forests regression predictions from the individual regression trees.<br /><br />Step 5: From the Science TCC product the NLCD TCC product was generated following a series of post-processing steps, including various masking of non-treed pixels, a minimum-mapping unit (MMU) to reduce single pixel speckle, and a process to reduce interannual noise. For masking, a three-year moving window tree mask was produced from the Landscape Change and Monitoring System (LCMS) landcover product tree classes (Housman et al., 2022). A three-year moving window ensured TCC predictions in forested pixels were used. Next, the annual Crop Data Layer (CDL) (USDA National Agricultural Statistics Service Cropland Data Layer, 2007-2022) and the NLCD water layers from 2011, 2013, 2016 and 2019 (Dewitz and U.S. Geological Survey, 2021) were used to mask non-treed agricultural crops and water from the three-year moving window LCMS tree masks. To reduce single pixel speckle a one way (pixels can be converted from tree to non-tree but not visa versa) MMU was then applied to the LCMS tree masks outside of urban areas. The MMU-updated treed pixels (less than 4 pixels) surrounded by non-treed pixels to non-treed pixels. In order to avoid masking highly fragmented tree cover common over urban areas, a separate urban tree mask was produced. The urban TCC mask includes the TIGER U.S. Census Block 2018 data, LCMS land use developed data, and statistic that normalized the expected error, which we refer to as tau (Coulston et al., 2016), calculated for each CONUS 5x5 tile moving window processing area. The TIGER and LCMS developed data were used to separate urban TCC from non-urban TCC. The tau statistic at the 87 percentile percent confidence level (or quantile) was used to threshold the TCC values. If a TCC value subtracted from the tau multiplied by the standard error value was less than 0, the TCC value was changed to 0. The final urban TCC mask was the combination of the TIGER, LCMS land use developed data and tau thresholded mask. The LCMS tree mask and urban TCC masks were applied to annual TCC images to produce the NLCD TCC v2021-4 product. For each image, the non-area processing value is 254, and the background value is 255.</stepDesc>
	<stepDateTm>20230201</stepDateTm>
</prcStep>
      </dataLineage>
      <report type="DQConcConsis" dimension="">
	<measDesc>All years are modeled separately. As such, measurements from one year to another are not inherently dependent on other years</measDesc>
	<evalMethDesc>See the data quality report for methods</evalMethDesc>
</report>
      <report type="DQCompOm" dimension="">
         <measDesc>Data extend across the lower 48 conterminous United States</measDesc>
      </report>
      <report type="DQQuanAttAcc" dimension="">
         <measDesc>Model performance metrics including mean of squared residuals and percent variability explained were obtained from the 54 random forest regression models (Breiman, 2001; R Core Team 2020), that were used to derive tree canopy cover estimates. The maximum mean of squared residuals was 206.5 and the minimum was 91.3. The maximum percent variability explained was 89.7 and the minimum was 60.1. All model performance metrics can be found in a supplemental accuracy text file included.</measDesc>
         <measResult>
            <ConResult>
               <conSpec>
                  <date>
                     <createDate>20230401</createDate>
                     <pubDate>20230401</pubDate>
                     <reviseDate>20230401</reviseDate>
                  </date>
               </conSpec>
               <conExpl> For CONUS the weighted map RMSE is 12.8% TCC.</conExpl>
               <conPass>1</conPass>
            </ConResult>
         </measResult>
      </report>
   </dqInfo>
   <spatRepInfo>
      <Georect>
         <axisDimension type="001">
            <dimSize Sync="TRUE">161190</dimSize>
            <dimResol>
               <value Sync="TRUE" uom="m">30.0</value>
            </dimResol>
         </axisDimension>
         <axisDimension type="002">
            <dimSize Sync="TRUE">104424</dimSize>
            <dimResol>
               <value Sync="TRUE" uom="m">30.0</value>
            </dimResol>
         </axisDimension>
         <cellGeo>
            <CellGeoCd Sync="TRUE" value="002" />
         </cellGeo>
         <numDims Sync="TRUE">2</numDims>
         <tranParaAv Sync="TRUE">1</tranParaAv>
         <chkPtAv Sync="TRUE">0</chkPtAv>
         <cornerPts>
            <pos Sync="TRUE">-2493045.0 177285.0</pos>
         </cornerPts>
         <cornerPts>
            <pos Sync="TRUE">-2493045.0 3310005.0</pos>
         </cornerPts>
         <cornerPts>
            <pos Sync="TRUE">2342655.0 3310005.0</pos>
         </cornerPts>
         <cornerPts>
            <pos Sync="TRUE">2342655.0 177285.0</pos>
         </cornerPts>
         <centerPt>
            <pos Sync="TRUE">-75195.0 1743645.0</pos>
         </centerPt>
         <ptInPixel>
            <PixOrientCd Sync="TRUE" value="001" />
         </ptInPixel>
      </Georect>
   </spatRepInfo>
   <contInfo>
      <ImgDesc>
         <covDim>
            <Band>
               <valUnit>
                  <UOM type="length" gmlID="" />
               </valUnit>
               <dimDescrp Sync="TRUE"> Percent tree canopy cover</dimDescrp>
               <maxVal Sync="TRUE">254.0</maxVal>
               <minVal Sync="TRUE">0.0</minVal>
               <bitsPerVal Sync="TRUE">8</bitsPerVal>
            </Band>
         </covDim>
         <contentTyp>
            <ContentTypCd Sync="TRUE" value="002" />
         </contentTyp>
         <attDesc> Percent tree canopy cover</attDesc>
         <trianInd>False</trianInd>
         <radCalDatAv>False</radCalDatAv>
         <camCalInAv>False</camCalInAv>
         <filmDistInAv>False</filmDistInAv>
         <lensDistInAv>False</lensDistInAv>
      </ImgDesc>
   </contInfo>
   <eainfo>
      <detailed>
         <enttyp>
            <enttypl>nlcd_tcc_conus_2021_v2021-4.tif</enttypl>
            <enttypd> Percent tree canopy cover</enttypd>
         </enttyp>
         <attr>
           <attrlabl Sync="TRUE"> OID</attrlabl>
           <attrdef Sync="TRUE"> ObjectID Field</attrdef>
           <attrtype Sync="TRUE"> Short integer</attrtype>
           <attwidth Sync="TRUE"> 1 byte</attwidth>
           <atprecis Sync="TRUE"> 3</atprecis>
           <attscale Sync="TRUE"> 0</attscale>
         </attr>
         <attr>
           <attrlabl Sync="TRUE"> Value</attrlabl>
           <attrdef Sync="TRUE"> Percent tree canopy cover</attrdef>
           <attrtype Sync="TRUE"> Short integer</attrtype>
           <attwidth Sync="TRUE"> 1 byte</attwidth>
           <atprecis Sync="TRUE"> 3</atprecis>
           <attscale Sync="TRUE"> 0</attscale>
         </attr>
         <attr>
           <attrlabl Sync="TRUE"> Count</attrlabl>
           <attrdef Sync="TRUE"> Total number of pixels per classification</attrdef>
           <attrtype Sync="TRUE"> Long integer</attrtype>
           <attwidth Sync="TRUE"> 8 bytes</attwidth>
           <atprecis Sync="TRUE"> 10</atprecis>
           <attscale Sync="TRUE"> 0</attscale>
         </attr>
         <attr>
           <attrlabl Sync="TRUE"> Blue</attrlabl>
           <attrdef Sync="TRUE"> Color ramp red value</attrdef>
           <attrtype Sync="TRUE"> Short integer</attrtype>
           <attwidth Sync="TRUE"> 1 byte</attwidth>
           <atprecis Sync="TRUE"> 3</atprecis>
           <attscale Sync="TRUE"> 0</attscale>
         </attr>
         <attr>
           <attrlabl Sync="TRUE"> Green</attrlabl>
           <attrdef Sync="TRUE"> Color ramp green value</attrdef>
           <attrtype Sync="TRUE"> Short integer</attrtype>
           <attwidth Sync="TRUE"> 1 byte</attwidth>
           <atprecis Sync="TRUE"> 3</atprecis>
           <attscale Sync="TRUE"> 0</attscale>
         </attr>
         <attr>
           <attrlabl Sync="TRUE"> Red</attrlabl>
           <attrdef Sync="TRUE"> Color ramp blue value</attrdef>
           <attrtype Sync="TRUE"> Short integer</attrtype>
           <attwidth Sync="TRUE"> 1 byte</attwidth>
           <atprecis Sync="TRUE"> 3</atprecis>
           <attscale Sync="TRUE"> 0</attscale>
         </attr>
      </detailed>
   </eainfo>
   <mdHrLvName Sync="TRUE">dataset</mdHrLvName>
   <refSysInfo>
      <RefSystem>
         <refSysID>
            <identCode code="0" Sync="TRUE" />
         </refSysID>
      </RefSystem>
   </refSysInfo>
</metadata>
