<PAMDataset>
  <PAMRasterBand band="1">
    <Histograms>
      <HistItem>
        <HistMin>-0.5</HistMin>
        <HistMax>100.5</HistMax>
        <BucketCount>101</BucketCount>
        <IncludeOutOfRange>1</IncludeOutOfRange>
        <Approximate>0</Approximate>
        <HistCounts>737660|2|133|634|1031|1294|1345|1310|1230|1054|1050|976|937|881|951|972|917|893|855|868|842|839|908|852|796|845|863|804|858|848|826|867|824|840|802|794|859|858|819|855|824|834|897|909|928|952|985|968|1017|1107|1180|1254|1392|1416|1572|1837|1940|2131|2323|2431|2506|2627|2599|2729|2729|2791|2740|2682|2652|2578|2534|2400|2486|2375|2671|2707|2832|3125|3262|3583|3890|4065|4456|5119|6165|7273|6900|5990|4468|3174|2182|1379|867|465|249|130|66|38|20|5|2</HistCounts>
      </HistItem>
    </Histograms>
    <Metadata>
      <MDI key="STATISTICS_MINIMUM">0</MDI>
      <MDI key="STATISTICS_MAXIMUM">100</MDI>
      <MDI key="STATISTICS_MEAN">11.785174686882</MDI>
      <MDI key="STATISTICS_STDDEV">26.630053409059</MDI>
      <MDI key="STATISTICS_MEDIAN">0.000000</MDI>
      <MDI key="STATISTICS_COUNT">910200.000000</MDI>
      <MDI key="STATISTICS_SKIPFACTORX">1</MDI>
      <MDI key="STATISTICS_SKIPFACTORY">1</MDI>
      <MDI key="STATISTICS_EXCLUDEDVALUES"></MDI>
      <MDI key="STATISTICS_COVARIANCES">709.1597445693189</MDI>
    </Metadata>
  </PAMRasterBand>
</PAMDataset>
