<PAMDataset>
  <PAMRasterBand band="1">
    <Histograms>
      <HistItem>
        <HistMin>-0.5</HistMin>
        <HistMax>95.5</HistMax>
        <BucketCount>96</BucketCount>
        <IncludeOutOfRange>1</IncludeOutOfRange>
        <Approximate>0</Approximate>
        <HistCounts>2477019|0|0|0|0|0|0|0|0|0|0|51432|0|0|0|0|0|0|0|0|0|261997|285098|214899|144296|0|0|0|0|0|0|2593|0|0|0|0|0|0|0|0|0|128362|4345|24957|0|0|0|0|0|0|0|0|3997|0|0|0|0|0|0|0|0|0|0|0|0|0|0|0|0|0|0|5824|0|0|0|0|0|0|0|0|0|27747|25706|0|0|0|0|0|0|0|75764|0|0|0|0|13303</HistCounts>
      </HistItem>
    </Histograms>
    <Metadata>
      <MDI key="STATISTICS_COUNT">3747339.000000</MDI>
      <MDI key="STATISTICS_COVARIANCES">379.4166540404215</MDI>
      <MDI key="STATISTICS_EXCLUDEDVALUES"></MDI>
      <MDI key="STATISTICS_MAXIMUM">95</MDI>
      <MDI key="STATISTICS_MEAN">10.781993302447</MDI>
      <MDI key="STATISTICS_MEDIAN">0.000000</MDI>
      <MDI key="STATISTICS_MINIMUM">0</MDI>
      <MDI key="STATISTICS_SKIPFACTORX">1</MDI>
      <MDI key="STATISTICS_SKIPFACTORY">1</MDI>
      <MDI key="STATISTICS_STDDEV">19.478620434734</MDI>
    </Metadata>
  </PAMRasterBand>
</PAMDataset>
