<PAMDataset>
  <PAMRasterBand band="1">
    <Histograms>
      <HistItem>
        <HistMin>-0.5</HistMin>
        <HistMax>95.5</HistMax>
        <BucketCount>96</BucketCount>
        <IncludeOutOfRange>1</IncludeOutOfRange>
        <Approximate>0</Approximate>
        <HistCounts>0|0|0|0|0|0|0|0|0|0|0|630|0|0|0|0|0|0|0|0|0|23007|33323|19678|4431|0|0|0|0|0|0|5|0|0|0|0|0|0|0|0|0|7630|0|20|0|0|0|0|0|0|0|0|387|0|0|0|0|0|0|0|0|0|0|0|0|0|0|0|0|0|0|481|0|0|0|0|0|0|0|0|0|2071|2380|0|0|0|0|0|0|0|3822|0|0|0|0|1121</HistCounts>
      </HistItem>
    </Histograms>
    <Metadata>
      <MDI key="STATISTICS_MINIMUM">11</MDI>
      <MDI key="STATISTICS_MAXIMUM">95</MDI>
      <MDI key="STATISTICS_MEAN">29.939860182248</MDI>
      <MDI key="STATISTICS_STDDEV">19.486551921528</MDI>
      <MDI key="STATISTICS_MEDIAN">22.000000</MDI>
      <MDI key="STATISTICS_COUNT">98986.000000</MDI>
      <MDI key="STATISTICS_SKIPFACTORX">1</MDI>
      <MDI key="STATISTICS_SKIPFACTORY">1</MDI>
      <MDI key="STATISTICS_EXCLUDEDVALUES"></MDI>
      <MDI key="STATISTICS_COVARIANCES">379.7257057904198</MDI>
    </Metadata>
  </PAMRasterBand>
</PAMDataset>
